year,aismr_mm,source
1951,715.775674,IMD gridded rainfall (area-weighted)
1952,802.230531,IMD gridded rainfall (area-weighted)
1953,919.680742,IMD gridded rainfall (area-weighted)
1954,893.084291,IMD gridded rainfall (area-weighted)
1955,919.178915,IMD gridded rainfall (area-weighted)
1956,941.859667,IMD gridded rainfall (area-weighted)
1957,819.090948,IMD gridded rainfall (area-weighted)
1958,932.930372,IMD gridded rainfall (area-weighted)
1959,966.052402,IMD gridded rainfall (area-weighted)
1960,857.262416,IMD gridded rainfall (area-weighted)
1961,997.913658,IMD gridded rainfall (area-weighted)
1962,857.637956,IMD gridded rainfall (area-weighted)
1963,839.662623,IMD gridded rainfall (area-weighted)
1964,941.627072,IMD gridded rainfall (area-weighted)
1965,716.626676,IMD gridded rainfall (area-weighted)
1966,761.985745,IMD gridded rainfall (area-weighted)
1967,859.297568,IMD gridded rainfall (area-weighted)
1968,759.961210,IMD gridded rainfall (area-weighted)
1969,830.588955,IMD gridded rainfall (area-weighted)
1970,955.038597,IMD gridded rainfall (area-weighted)
1971,890.121824,IMD gridded rainfall (area-weighted)
1972,665.292067,IMD gridded rainfall (area-weighted)
1973,909.745833,IMD gridded rainfall (area-weighted)
1974,807.974165,IMD gridded rainfall (area-weighted)
1975,1001.085953,IMD gridded rainfall (area-weighted)
1976,890.126822,IMD gridded rainfall (area-weighted)
1977,888.950900,IMD gridded rainfall (area-weighted)
1978,927.315773,IMD gridded rainfall (area-weighted)
1979,716.053319,IMD gridded rainfall (area-weighted)
1980,924.861760,IMD gridded rainfall (area-weighted)
1981,871.958183,IMD gridded rainfall (area-weighted)
1982,765.202033,IMD gridded rainfall (area-weighted)
1983,970.983994,IMD gridded rainfall (area-weighted)
1984,867.881218,IMD gridded rainfall (area-weighted)
1985,809.494793,IMD gridded rainfall (area-weighted)
1986,774.264966,IMD gridded rainfall (area-weighted)
1987,746.713159,IMD gridded rainfall (area-weighted)
1988,1011.751273,IMD gridded rainfall (area-weighted)
1989,870.307451,IMD gridded rainfall (area-weighted)
1990,936.252358,IMD gridded rainfall (area-weighted)
1991,841.720485,IMD gridded rainfall (area-weighted)
1992,830.225222,IMD gridded rainfall (area-weighted)
1993,875.480760,IMD gridded rainfall (area-weighted)
1994,950.955188,IMD gridded rainfall (area-weighted)
1995,888.864732,IMD gridded rainfall (area-weighted)
1996,856.216848,IMD gridded rainfall (area-weighted)
1997,853.132355,IMD gridded rainfall (area-weighted)
1998,884.429134,IMD gridded rainfall (area-weighted)
1999,808.902112,IMD gridded rainfall (area-weighted)
2000,789.086066,IMD gridded rainfall (area-weighted)
2001,804.196472,IMD gridded rainfall (area-weighted)
2002,696.838815,IMD gridded rainfall (area-weighted)
2003,897.421290,IMD gridded rainfall (area-weighted)
2004,767.440250,IMD gridded rainfall (area-weighted)
2005,874.689144,IMD gridded rainfall (area-weighted)
2006,889.721928,IMD gridded rainfall (area-weighted)
2007,943.642536,IMD gridded rainfall (area-weighted)
2008,894.261571,IMD gridded rainfall (area-weighted)
2009,729.910516,IMD gridded rainfall (area-weighted)
2010,927.070893,IMD gridded rainfall (area-weighted)
2011,928.176606,IMD gridded rainfall (area-weighted)
2012,836.794296,IMD gridded rainfall (area-weighted)
2013,933.724392,IMD gridded rainfall (area-weighted)
2014,772.997385,IMD gridded rainfall (area-weighted)
2015,767.228450,IMD gridded rainfall (area-weighted)
2016,864.502926,IMD gridded rainfall (area-weighted)
2017,851.839407,IMD gridded rainfall (area-weighted)
2018,802.192063,IMD gridded rainfall (area-weighted)
2019,969.067597,IMD gridded rainfall (area-weighted)
2020,966.155906,IMD gridded rainfall (area-weighted)
2021,872.923856,IMD gridded rainfall (area-weighted)
2022,928.111453,IMD gridded rainfall (area-weighted)
2023,816.345667,IMD gridded rainfall (area-weighted)
2024,934.800000,Manual annual value
2025,937.200000,Manual annual value
2026,759.400000,Manual annual value
